AfganistÃ¡n,"Afghanistan","Afghanistan","AF","AFG","93"
Albania,"Albania","Albanie","AL","ALB","355"
Alemania,"Germany","Allemagne","DE","DEU","49"
Andorra,"Andorra","Andorra","AD","AND","376"
Angola,"Angola","Angola","AO","AGO","244"
Anguila,"Anguilla","Anguilla","AI","AIA","1 264"
AntÃ¡rtida,"Antarctica","L'Antarctique","AQ","ATA","672"
Antigua y Barbuda,"Antigua and Barbuda","Antigua et Barbuda","AG","ATG","1 268"
Arabia Saudita,"Saudi Arabia","Arabie Saoudite","SA","SAU","966"
Argelia,"Algeria","AlgÃ©rie","DZ","DZA","213"
Argentina,"Argentina","Argentine","AR","ARG","54"
Armenia,"Armenia","L'ArmÃ©nie","AM","ARM","374"
Aruba,"Aruba","Aruba","AW","ABW","297"
Australia,"Australia","Australie","AU","AUS","61"
Austria,"Austria","Autriche","AT","AUT","43"
AzerbaiyÃ¡n,"Azerbaijan","L'AzerbaÃ¯djan","AZ","AZE","994"
BÃ©lgica,"Belgium","Belgique","BE","BEL","32"
Bahamas,"Bahamas","Bahamas","BS","BHS","1 242"
Bahrein,"Bahrain","BahreÃ¯n","BH","BHR","973"
Bangladesh,"Bangladesh","Bangladesh","BD","BGD","880"
Barbados,"Barbados","Barbade","BB","BRB","1 246"
Belice,"Belize","Belize","BZ","BLZ","501"
BenÃ­n,"Benin","BÃ©nin","BJ","BEN","229"
BhutÃ¡n,"Bhutan","Le Bhoutan","BT","BTN","975"
Bielorrusia,"Belarus","BiÃ©lorussie","BY","BLR","375"
Birmania,"Myanmar","Myanmar","MM","MMR","95"
Bolivia,"Bolivia","Bolivie","BO","BOL","591"
Bosnia y Herzegovina,"Bosnia and Herzegovina","Bosnie-HerzÃ©govine","BA","BIH","387"
Botsuana,"Botswana","Botswana","BW","BWA","267"
Brasil,"Brazil","BrÃ©sil","BR","BRA","55"
BrunÃ©i,"Brunei","Brunei","BN","BRN","673"
Bulgaria,"Bulgaria","Bulgarie","BG","BGR","359"
Burkina Faso,"Burkina Faso","Burkina Faso","BF","BFA","226"
Burundi,"Burundi","Burundi","BI","BDI","257"
Cabo Verde,"Cape Verde","Cap-Vert","CV","CPV","238"
Camboya,"Cambodia","Cambodge","KH","KHM","855"
CamerÃºn,"Cameroon","Cameroun","CM","CMR","237"
CanadÃ¡,"Canada","Canada","CA","CAN","1"
Chad,"Chad","Tchad","TD","TCD","235"
Chile,"Chile","Chili","CL","CHL","56"
China,"China","Chine","CN","CHN","86"
Chipre,"Cyprus","Chypre","CY","CYP","357"
Ciudad del Vaticano,"Vatican City State","CitÃ© du Vatican","VA","VAT","39"
Colombia,"Colombia","Colombie","CO","COL","57"
Comoras,"Comoros","Comores","KM","COM","269"
RepÃºblica del Congo,"Republic of the Congo","RÃ©publique du Congo","CG","COG","242"
RepÃºblica DemocrÃ¡tica del Congo,"Democratic Republic of the Congo","RÃ©publique dÃ©mocratique du Congo","CD","COD","243"
Corea del Norte,"North Korea","CorÃ©e du Nord","KP","PRK","850"
Corea del Sur,"South Korea","CorÃ©e du Sud","KR","KOR","82"
Costa de Marfil,"Ivory Coast","CÃ´te-d'Ivoire","CI","CIV","225"
Costa Rica,"Costa Rica","Costa Rica","CR","CRI","506"
Croacia,"Croatia","Croatie","HR","HRV","385"
Cuba,"Cuba","Cuba","CU","CUB","53"
Curazao,"CuraÃ§ao","CuraÃ§ao","CW","CWU","5999"
Dinamarca,"Denmark","Danemark","DK","DNK","45"
Dominica,"Dominica","Dominique","DM","DMA","1 767"
Ecuador,"Ecuador","Equateur","EC","ECU","593"
Egipto,"Egypt","Egypte","EG","EGY","20"
El Salvador,"El Salvador","El Salvador","SV","SLV","503"
Emiratos Ãrabes Unidos,"United Arab Emirates","Emirats Arabes Unis","AE","ARE","971"
Eritrea,"Eritrea","ErythrÃ©e","ER","ERI","291"
Eslovaquia,"Slovakia","Slovaquie","SK","SVK","421"
Eslovenia,"Slovenia","SlovÃ©nie","SI","SVN","386"
EspaÃ±a,"Spain","Espagne","ES","ESP","34"
Estados Unidos de AmÃ©rica,"United States of America","Ã‰tats-Unis d'AmÃ©rique","US","USA","1"
Estonia,"Estonia","L'Estonie","EE","EST","372"
EtiopÃ­a,"Ethiopia","Ethiopie","ET","ETH","251"
Filipinas,"Philippines","Philippines","PH","PHL","63"
Finlandia,"Finland","Finlande","FI","FIN","358"
Fiyi,"Fiji","Fidji","FJ","FJI","679"
Francia,"France","France","FR","FRA","33"
GabÃ³n,"Gabon","Gabon","GA","GAB","241"
Gambia,"Gambia","Gambie","GM","GMB","220"
Georgia,"Georgia","GÃ©orgie","GE","GEO","995"
Ghana,"Ghana","Ghana","GH","GHA","233"
Gibraltar,"Gibraltar","Gibraltar","GI","GIB","350"
Granada,"Grenada","Grenade","GD","GRD","1 473"
Grecia,"Greece","GrÃ¨ce","GR","GRC","30"
Groenlandia,"Greenland","Groenland","GL","GRL","299"
Guadalupe,"Guadeloupe","Guadeloupe","GP","GLP","590"
Guam,"Guam","Guam","GU","GUM","1 671"
Guatemala,"Guatemala","Guatemala","GT","GTM","502"
Guayana Francesa,"French Guiana","Guyane franÃ§aise","GF","GUF","594"
Guernsey,"Guernsey","Guernesey","GG","GGY","44"
Guinea,"Guinea","GuinÃ©e","GN","GIN","224"
Guinea Ecuatorial,"Equatorial Guinea","GuinÃ©e Equatoriale","GQ","GNQ","240"
Guinea-Bissau,"Guinea-Bissau","GuinÃ©e-Bissau","GW","GNB","245"
Guyana,"Guyana","Guyane","GY","GUY","592"
HaitÃ­,"Haiti","HaÃ¯ti","HT","HTI","509"
Honduras,"Honduras","Honduras","HN","HND","504"
Hong kong,"Hong Kong","Hong Kong","HK","HKG","852"
HungrÃ­a,"Hungary","Hongrie","HU","HUN","36"
India,"India","Inde","IN","IND","91"
Indonesia,"Indonesia","IndonÃ©sie","ID","IDN","62"
IrÃ¡n,"Iran","Iran","IR","IRN","98"
Irak,"Iraq","Irak","IQ","IRQ","964"
Irlanda,"Ireland","Irlande","IE","IRL","353"
Isla Bouvet,"Bouvet Island","Bouvet Island","BV","BVT",""
Isla de Man,"Isle of Man","Ile de Man","IM","IMN","44"
Isla de Navidad,"Christmas Island","Christmas Island","CX","CXR","61"
Isla Norfolk,"Norfolk Island","ÃŽle de Norfolk","NF","NFK","672"
Islandia,"Iceland","Islande","IS","ISL","354"
Islas Bermudas,"Bermuda Islands","Bermudes","BM","BMU","1 441"
Islas CaimÃ¡n,"Cayman Islands","Iles CaÃ¯mans","KY","CYM","1 345"
Islas Cocos (Keeling),"Cocos (Keeling) Islands","Cocos (Keeling","CC","CCK","61"
Islas Cook,"Cook Islands","Iles Cook","CK","COK","682"
Islas de Ã…land,"Ã…land Islands","ÃŽles Ã…land","AX","ALA","358"
Islas Feroe,"Faroe Islands","Iles FÃ©ro","FO","FRO","298"
Islas Georgias del Sur y Sandwich del Sur,"South Georgia and the South Sandwich Islands","GÃ©orgie du Sud et les ÃŽles Sandwich du Sud","GS","SGS","500"
Islas Heard y McDonald,"Heard Island and McDonald Islands","Les Ã®les Heard et McDonald","HM","HMD",""
Islas Maldivas,"Maldives","Maldives","MV","MDV","960"
Islas Malvinas,"Falkland Islands (Malvinas)","Iles Falkland (Malvinas","FK","FLK","500"
Islas Marianas del Norte,"Northern Mariana Islands","Iles Mariannes du Nord","MP","MNP","1 670"
Islas Marshall,"Marshall Islands","Iles Marshall","MH","MHL","692"
Islas Pitcairn,"Pitcairn Islands","Iles Pitcairn","PN","PCN","870"
Islas SalomÃ³n,"Solomon Islands","Iles Salomon","SB","SLB","677"
Islas Turcas y Caicos,"Turks and Caicos Islands","Iles Turques et CaÃ¯ques","TC","TCA","1 649"
Islas Ultramarinas Menores de Estados Unidos,"United States Minor Outlying Islands","Ã‰tats-Unis ÃŽles mineures Ã©loignÃ©es","UM","UMI","246"
Islas VÃ­rgenes BritÃ¡nicas,"Virgin Islands","Iles Vierges","VG","VGB","1 284"
Islas VÃ­rgenes de los Estados Unidos,"United States Virgin Islands","ÃŽles Vierges amÃ©ricaines","VI","VIR","1 340"
Israel,"Israel","IsraÃ«l","IL","ISR","972"
Italia,"Italy","Italie","IT","ITA","39"
Jamaica,"Jamaica","JamaÃ¯que","JM","JAM","1 876"
JapÃ³n,"Japan","Japon","JP","JPN","81"
Jersey,"Jersey","Maillot","JE","JEY","44"
Jordania,"Jordan","Jordan","JO","JOR","962"
KazajistÃ¡n,"Kazakhstan","Le Kazakhstan","KZ","KAZ","7"
Kenia,"Kenya","Kenya","KE","KEN","254"
KirguistÃ¡n,"Kyrgyzstan","Kirghizstan","KG","KGZ","996"
Kiribati,"Kiribati","Kiribati","KI","KIR","686"
Kuwait,"Kuwait","KoweÃ¯t","KW","KWT","965"
LÃ­bano,"Lebanon","Liban","LB","LBN","961"
Laos,"Laos","Laos","LA","LAO","856"
Lesoto,"Lesotho","Lesotho","LS","LSO","266"
Letonia,"Latvia","La Lettonie","LV","LVA","371"
Liberia,"Liberia","Liberia","LR","LBR","231"
Libia,"Libya","Libye","LY","LBY","218"
Liechtenstein,"Liechtenstein","Liechtenstein","LI","LIE","423"
Lituania,"Lithuania","La Lituanie","LT","LTU","370"
Luxemburgo,"Luxembourg","Luxembourg","LU","LUX","352"
MÃ©xico,"Mexico","Mexique","MX","MEX","52"
MÃ³naco,"Monaco","Monaco","MC","MCO","377"
Macao,"Macao","Macao","MO","MAC","853"
MacedÃ´nia,"Macedonia","MacÃ©doine","MK","MKD","389"
Madagascar,"Madagascar","Madagascar","MG","MDG","261"
Malasia,"Malaysia","Malaisie","MY","MYS","60"
Malawi,"Malawi","Malawi","MW","MWI","265"
Mali,"Mali","Mali","ML","MLI","223"
Malta,"Malta","Malte","MT","MLT","356"
Marruecos,"Morocco","Maroc","MA","MAR","212"
Martinica,"Martinique","Martinique","MQ","MTQ","596"
Mauricio,"Mauritius","Iles Maurice","MU","MUS","230"
Mauritania,"Mauritania","Mauritanie","MR","MRT","222"
Mayotte,"Mayotte","Mayotte","YT","MYT","262"
Micronesia,"Estados Federados de","Federados Estados de","FM","FSM","691"
Moldavia,"Moldova","Moldavie","MD","MDA","373"
Mongolia,"Mongolia","Mongolie","MN","MNG","976"
Montenegro,"Montenegro","MontÃ©nÃ©gro","ME","MNE","382"
Montserrat,"Montserrat","Montserrat","MS","MSR","1 664"
Mozambique,"Mozambique","Mozambique","MZ","MOZ","258"
Namibia,"Namibia","Namibie","NA","NAM","264"
Nauru,"Nauru","Nauru","NR","NRU","674"
Nepal,"Nepal","NÃ©pal","NP","NPL","977"
Nicaragua,"Nicaragua","Nicaragua","NI","NIC","505"
Niger,"Niger","Niger","NE","NER","227"
Nigeria,"Nigeria","Nigeria","NG","NGA","234"
Niue,"Niue","Niou","NU","NIU","683"
Noruega,"Norway","NorvÃ¨ge","NO","NOR","47"
Nueva Caledonia,"New Caledonia","Nouvelle-CalÃ©donie","NC","NCL","687"
Nueva Zelanda,"New Zealand","Nouvelle-ZÃ©lande","NZ","NZL","64"
OmÃ¡n,"Oman","Oman","OM","OMN","968"
PaÃ­ses Bajos,"Netherlands","Pays-Bas","NL","NLD","31"
PakistÃ¡n,"Pakistan","Pakistan","PK","PAK","92"
Palau,"Palau","Palau","PW","PLW","680"
Palestina,"Palestine","La Palestine","PS","PSE","970"
PanamÃ¡,"Panama","Panama","PA","PAN","507"
PapÃºa Nueva Guinea,"Papua New Guinea","Papouasie-Nouvelle-GuinÃ©e","PG","PNG","675"
Paraguay,"Paraguay","Paraguay","PY","PRY","595"
PerÃº,"Peru","PÃ©rou","PE","PER","51"
Polinesia Francesa,"French Polynesia","PolynÃ©sie franÃ§aise","PF","PYF","689"
Polonia,"Poland","Pologne","PL","POL","48"
Portugal,"Portugal","Portugal","PT","PRT","351"
Puerto Rico,"Puerto Rico","Porto Rico","PR","PRI","1"
Qatar,"Qatar","Qatar","QA","QAT","974"
Reino Unido,"United Kingdom","Royaume-Uni","GB","GBR","44"
RepÃºblica Centroafricana,"Central African Republic","RÃ©publique Centrafricaine","CF","CAF","236"
RepÃºblica Checa,"Czech Republic","RÃ©publique TchÃ¨que","CZ","CZE","420"
RepÃºblica Dominicana,"Dominican Republic","RÃ©publique Dominicaine","DO","DOM","1 809"
RepÃºblica de SudÃ¡n del Sur,"South Sudan","Soudan du Sud","SS","SSD","211"
ReuniÃ³n,"RÃ©union","RÃ©union","RE","REU","262"
Ruanda,"Rwanda","Rwanda","RW","RWA","250"
RumanÃ­a,"Romania","Roumanie","RO","ROU","40"
Rusia,"Russia","La Russie","RU","RUS","7"
Sahara Occidental,"Western Sahara","Sahara Occidental","EH","ESH","212"
Samoa,"Samoa","Samoa","WS","WSM","685"
Samoa Americana,"American Samoa","Les Samoa amÃ©ricaines","AS","ASM","1 684"
San BartolomÃ©,"Saint BarthÃ©lemy","Saint-BarthÃ©lemy","BL","BLM","590"
San CristÃ³bal y Nieves,"Saint Kitts and Nevis","Saint Kitts et Nevis","KN","KNA","1 869"
San Marino,"San Marino","San Marino","SM","SMR","378"
San MartÃ­n (Francia),"Saint Martin (French part)","Saint-Martin (partie franÃ§aise)","MF","MAF","1 599"
San Pedro y MiquelÃ³n,"Saint Pierre and Miquelon","Saint-Pierre-et-Miquelon","PM","SPM","508"
San Vicente y las Granadinas,"Saint Vincent and the Grenadines","Saint-Vincent et Grenadines","VC","VCT","1 784"
Santa Elena,"AscensiÃ³n y TristÃ¡n de AcuÃ±a","AscensiÃ³n y Tristan de AcuÃ±a","SH","SHN","290"
Santa LucÃ­a,"Saint Lucia","Sainte-Lucie","LC","LCA","1 758"
Santo TomÃ© y PrÃ­ncipe,"Sao Tome and Principe","Sao TomÃ© et Principe","ST","STP","239"
Senegal,"Senegal","SÃ©nÃ©gal","SN","SEN","221"
Serbia,"Serbia","Serbie","RS","SRB","381"
Seychelles,"Seychelles","Les Seychelles","SC","SYC","248"
Sierra Leona,"Sierra Leone","Sierra Leone","SL","SLE","232"
Singapur,"Singapore","Singapour","SG","SGP","65"
Sint Maarten,"Sint Maarten","Saint-Martin","SX","SMX",1 721
Siria,"Syria","Syrie","SY","SYR","963"
Somalia,"Somalia","Somalie","SO","SOM","252"
Sri lanka,"Sri Lanka","Sri Lanka","LK","LKA","94"
SudÃ¡frica,"South Africa","Afrique du Sud","ZA","ZAF","27"
SudÃ¡n,"Sudan","Soudan","SD","SDN","249"
Suecia,"Sweden","SuÃ¨de","SE","SWE","46"
Suiza,"Switzerland","Suisse","CH","CHE","41"
SurinÃ¡m,"Suriname","Surinam","SR","SUR","597"
Svalbard y Jan Mayen,"Svalbard and Jan Mayen","Svalbard et Jan Mayen","SJ","SJM","47"
Swazilandia,"Swaziland","Swaziland","SZ","SWZ","268"
TayikistÃ¡n,"Tajikistan","Le Tadjikistan","TJ","TJK","992"
Tailandia,"Thailand","ThaÃ¯lande","TH","THA","66"
TaiwÃ¡n,"Taiwan","Taiwan","TW","TWN","886"
Tanzania,"Tanzania","Tanzanie","TZ","TZA","255"
Territorio BritÃ¡nico del OcÃ©ano Ãndico,"British Indian Ocean Territory","Territoire britannique de l'ocÃ©an Indien","IO","IOT","246"
Territorios Australes y AntÃ¡rticas Franceses,"French Southern Territories","Terres australes franÃ§aises","TF","ATF",""
Timor Oriental,"East Timor","Timor-Oriental","TL","TLS","670"
Togo,"Togo","Togo","TG","TGO","228"
Tokelau,"Tokelau","TokÃ©laou","TK","TKL","690"
Tonga,"Tonga","Tonga","TO","TON","676"
Trinidad y Tobago,"Trinidad and Tobago","Trinidad et Tobago","TT","TTO","1 868"
Tunez,"Tunisia","Tunisie","TN","TUN","216"
TurkmenistÃ¡n,"Turkmenistan","Le TurkmÃ©nistan","TM","TKM","993"
TurquÃ­a,"Turkey","Turquie","TR","TUR","90"
Tuvalu,"Tuvalu","Tuvalu","TV","TUV","688"
Ucrania,"Ukraine","L'Ukraine","UA","UKR","380"
Uganda,"Uganda","Ouganda","UG","UGA","256"
Uruguay,"Uruguay","Uruguay","UY","URY","598"
UzbekistÃ¡n,"Uzbekistan","L'OuzbÃ©kistan","UZ","UZB","998"
Vanuatu,"Vanuatu","Vanuatu","VU","VUT","678"
Venezuela,"Venezuela","Venezuela","VE","VEN","58"
Vietnam,"Vietnam","Vietnam","VN","VNM","84"
Wallis y Futuna,"Wallis and Futuna","Wallis et Futuna","WF","WLF","681"
Yemen,"Yemen","YÃ©men","YE","YEM","967"
Yibuti,"Djibouti","Djibouti","DJ","DJI","253"
Zambia,"Zambia","Zambie","ZM","ZMB","260"
Zimbabue,"Zimbabwe","Zimbabwe","ZW","ZWE","263"
